iter	MultiClass
0	1.071838539
1	1.03997688
2	1.014068964
3	0.9918493905
4	0.9715065284
5	0.9582812348
6	0.9477246818
7	0.9301612237
8	0.9134626105
9	0.9039449441
10	0.895147881
11	0.8821790682
12	0.8727305633
13	0.8618132498
14	0.8500107185
